{
  "features": [
    "gdp",
    "cpi",
    "exports",
    "imports",
    "quarter_sin",
    "quarter_cos",
    "trade_balance",
    "tax_revenue_lag_1",
    "tax_revenue_lag_2",
    "tax_revenue_lag_4",
    "tax_revenue_lag_8",
    "gdp_lag_1",
    "cpi_lag_1",
    "gdp_lag_4",
    "cpi_lag_4",
    "exports_lag_1",
    "imports_lag_1",
    "trade_balance_lag_1",
    "tax_revenue_rm_4",
    "tax_revenue_rstd_4",
    "gdp_rm_4",
    "tax_revenue_yoy",
    "gdp_pct_4",
    "cpi_yoy",
    "tax_to_gdp",
    "export_import_ratio"
  ],
  "feature_importances": {
    "tax_revenue_rm_4": 0.1934163100316647,
    "gdp": 0.13677537688879005,
    "gdp_rm_4": 0.08660250084808721,
    "tax_revenue_lag_1": 0.06633511568026665,
    "tax_revenue_lag_2": 0.06383934630605542,
    "gdp_lag_1": 0.059681367741928906,
    "tax_revenue_lag_4": 0.054514132889828884,
    "cpi_lag_4": 0.05294813819698475,
    "trade_balance_lag_1": 0.04362823106259178,
    "trade_balance": 0.04047302087762994,
    "exports_lag_1": 0.036009706419068005,
    "cpi": 0.030633502391364798,
    "imports_lag_1": 0.027526278803141374,
    "exports": 0.02444087101665749,
    "gdp_lag_4": 0.02230233732010687,
    "cpi_lag_1": 0.021017300619456204,
    "imports": 0.017832504929804302,
    "tax_revenue_lag_8": 0.00852367159249717,
    "tax_revenue_rstd_4": 0.004036801421453514,
    "tax_to_gdp": 0.0032935885467627814,
    "tax_revenue_yoy": 0.0021779602005233658,
    "gdp_pct_4": 0.001197973177430371,
    "export_import_ratio": 0.001142818985172303,
    "cpi_yoy": 0.0009790769267051145,
    "quarter_cos": 0.0004663749883115516,
    "quarter_sin": 0.00020569213750432354
  },
  "feature_correlations": {
    "gdp": 0.991357584123587,
    "cpi": 0.9616469562379184,
    "exports": 0.980762558915764,
    "imports": 0.9823833892208564,
    "quarter_sin": 0.006036040402588877,
    "quarter_cos": 0.010033449555373249,
    "trade_balance": -0.9278412815623854,
    "tax_revenue_lag_1": 0.9983158847325245,
    "tax_revenue_lag_2": 0.9958457891519046,
    "tax_revenue_lag_4": 0.9889949499458994,
    "tax_revenue_lag_8": 0.9762849506065386,
    "gdp_lag_1": 0.9905282520813068,
    "cpi_lag_1": 0.9608410534814353,
    "gdp_lag_4": 0.9872149610350259,
    "cpi_lag_4": 0.9582504537220518,
    "exports_lag_1": 0.9789348799863827,
    "imports_lag_1": 0.9806406647697796,
    "trade_balance_lag_1": -0.9256756394309207,
    "tax_revenue_rm_4": 0.9980445810228168,
    "tax_revenue_rstd_4": 0.7168681279642503,
    "gdp_rm_4": 0.9900935737800322,
    "tax_revenue_yoy": -0.01774039756102669,
    "gdp_pct_4": -0.24124805486838719,
    "cpi_yoy": -0.10968106223941197,
    "tax_to_gdp": -0.5116821841130523,
    "export_import_ratio": -0.635816815799719
  }
}